record_number,account_nuber,type,account_customer_id,limit,opendate,balance
1,0039208412713920841271,0,5,$563994.86,5/29/2021,$163453.47
2,0039208412713920841271,3,260,$379630.18,6/3/2024,$245509.40
3,0039208412713920841271,4,248,$336329.80,6/13/2004,$125558.90
4,0039208412713920841271,1,69,$422570.68,1/23/2018,$516642.16
5,0039208412713920841271,0,163,$209037.52,9/19/2006,$482790.77
6,0039208412713920841271,2,145,$460390.87,11/26/2017,$50272.26
7,0039208412713920841271,3,400,$270726.98,3/12/2021,$529487.83
8,0039208412713920841271,1,35,$577205.57,6/11/2015,$263841.34
9,0039208412713920841271,2,219,$179494.49,9/29/2003,$565007.45
10,0039208412713920841271,4,318,$124246.62,10/15/2002,$450275.80
11,0039208412713920841271,1,391,$491773.83,9/11/2005,$180958.94
12,0039208412713920841271,2,126,$492797.70,8/18/2008,$283943.27
13,0039208412713920841271,2,65,$226348.81,11/6/2022,$231649.66
14,0039208412713920841271,3,109,,7/2/2020,$330384.16
15,0039208412713920841271,2,398,$402619.43,5/26/2013,$313099.37
16,0039208412713920841271,2,328,$222621.05,1/7/2006,$266056.09
17,,0,16,$558003.34,12/24/2000,$519293.02
18,0039208412713920841271,3,93,$19371.27,4/24/2021,$259055.72
19,0039208412713920841271,0,212,$69983.04,8/17/2023,$100717.29
20,0039208412713920841271,0,291,$584859.84,3/3/2015,$291184.92
21,,3,283,$121626.14,7/17/2017,$99326.82
22,0039208412713920841271,2,363,$339288.62,5/25/2023,$120418.44
23,0039208412713920841271,0,163,$315382.22,6/26/2018,$24267.27
24,0039208412713920841271,2,278,$309953.52,8/12/2015,$318806.26
25,0039208412713920841271,4,355,$575726.31,6/6/2020,$329817.97
26,0039208412713920841271,2,380,$258949.33,2/24/2008,$39770.66
27,0039208412713920841271,1,175,$45642.39,7/20/2010,$140951.06
28,0039208412713920841271,0,120,$471205.91,2/18/2013,$198443.25
29,0039208412713920841271,3,154,$387449.48,8/21/2009,$38576.43
30,0039208412713920841271,1,380,$421164.52,8/15/2014,$80180.46
31,0039208412713920841271,4,273,$378169.68,6/23/2001,$447372.59
32,0039208412713920841271,2,305,,6/16/2022,$551787.13
33,0039208412713920841271,4,265,$157081.72,11/25/2020,$48561.19
34,0039208412713920841271,3,27,$327201.12,4/7/2022,$406194.56
35,0039208412713920841271,3,308,$491566.08,6/14/2009,$298481.96
36,0039208412713920841271,4,381,$90046.24,4/13/2013,$111458.82
37,,4,271,$170374.73,4/3/2014,$379552.98
38,0039208412713920841271,0,147,$506377.47,2/15/2005,$410474.93
39,0039208412713920841271,3,185,,1/6/2018,$226707.40
40,0039208412713920841271,4,255,$414908.78,3/16/2007,$193896.30
41,0039208412713920841271,2,232,$130339.92,11/23/2008,$192064.66
42,0039208412713920841271,3,164,$163769.99,2/15/2015,$5392.48
43,0039208412713920841271,3,40,$114452.88,3/22/2001,$50426.84
44,0039208412713920841271,2,178,$288842.70,8/17/2023,$232140.01
45,0039208412713920841271,0,298,$249314.70,2/18/2024,$505956.11
46,0039208412713920841271,4,195,$445025.47,12/9/2019,$285450.96
47,0039208412713920841271,0,172,$51315.29,3/14/2018,$500589.02
48,0039208412713920841271,1,79,$5556.78,10/19/2010,$503758.81
49,0039208412713920841271,2,22,$505194.88,12/9/2008,$45378.05
50,0039208412713920841271,2,246,$500375.48,6/10/2006,$338870.38
51,0039208412713920841271,2,289,$104371.88,8/26/2017,$373019.89
52,0039208412713920841271,3,373,,1/16/2012,$178129.08
53,0039208412713920841271,3,175,$137690.67,8/15/2009,$290432.47
54,,0,32,$189621.26,8/21/2011,$87269.94
55,0039208412713920841271,1,148,$577510.17,12/16/2010,$174719.78
56,0039208412713920841271,0,62,$261945.39,9/17/2018,$510502.85
57,,2,388,,1/16/2006,$410535.18
58,0039208412713920841271,0,44,$366673.40,11/24/2007,$578031.50
59,0039208412713920841271,4,61,$244471.57,10/20/2008,$433461.41
60,0039208412713920841271,0,252,$583253.65,8/31/2004,$390348.91
61,0039208412713920841271,3,232,$345100.65,8/15/2007,$493642.18
62,0039208412713920841271,3,103,$166705.18,8/7/2021,$494130.65
63,0039208412713920841271,2,147,$534115.47,4/22/2018,$426253.77
64,0039208412713920841271,4,90,$273696.46,12/31/2020,$375235.09
65,0039208412713920841271,0,326,$544357.92,10/22/2015,$82549.14
66,0039208412713920841271,2,269,$470022.89,7/30/2009,$57540.10
67,0039208412713920841271,0,58,$578053.76,7/13/2019,$509169.27
68,0039208412713920841271,0,335,$175058.09,4/8/2018,$332513.45
69,0039208412713920841271,3,80,$243843.78,1/1/2019,$106283.05
70,0039208412713920841271,2,181,$166346.51,4/17/2010,$286499.92
71,,4,297,$289764.79,8/29/2008,$478285.07
72,0039208412713920841271,4,372,$416450.88,9/4/2014,$160702.08
73,,4,320,$400568.56,12/28/2020,$344107.90
74,0039208412713920841271,0,132,$299567.43,6/18/2021,$380729.02
75,0039208412713920841271,1,238,$406644.09,5/13/2020,$205812.54
76,0039208412713920841271,0,163,$303881.91,11/24/2015,$485593.80
77,0039208412713920841271,0,121,$594940.98,5/20/2004,$219265.78
78,0039208412713920841271,0,347,$86896.67,5/30/2004,$338013.14
79,0039208412713920841271,4,114,$379497.35,7/2/2023,$484167.34
80,0039208412713920841271,2,384,$408331.95,3/16/2016,$341446.02
81,0039208412713920841271,0,354,$138426.24,12/6/2021,$100182.70
82,0039208412713920841271,4,208,$256969.88,4/21/2013,$334156.18
83,0039208412713920841271,1,335,$473862.36,3/19/2009,$392727.56
84,0039208412713920841271,1,23,$372653.34,9/2/2011,$299707.70
85,0039208412713920841271,2,199,$209088.91,10/25/2018,$152407.29
86,0039208412713920841271,0,86,$11097.28,1/3/2012,$67841.33
87,0039208412713920841271,4,109,$109714.47,12/1/2002,$398384.93
88,0039208412713920841271,4,368,$384168.64,4/25/2015,$328361.26
89,0039208412713920841271,3,174,$199933.06,9/4/2020,$176572.79
90,0039208412713920841271,1,103,$131863.52,9/11/2015,$405313.15
91,0039208412713920841271,2,204,$214929.06,11/29/2022,$194797.30
92,,2,226,$180404.01,2/27/2019,$76644.72
93,0039208412713920841271,3,203,$170945.45,1/2/2020,$14017.84
94,0039208412713920841271,4,229,,12/26/2001,$245788.90
95,,0,115,$58067.64,6/30/2023,$509333.10
96,0039208412713920841271,1,184,$498940.09,2/3/2003,$265905.36
97,0039208412713920841271,0,265,$409245.79,12/23/2006,$318094.72
98,0039208412713920841271,2,74,,3/25/2019,$182104.66
99,0039208412713920841271,1,291,$76962.59,10/3/2006,$530517.95
100,0039208412713920841271,3,249,$357142.80,5/18/2002,$168014.88
101,0039208412713920841271,1,169,$31684.61,3/21/2006,$235225.85
102,0039208412713920841271,3,323,,12/25/2018,$544390.42
103,0039208412713920841271,1,206,$423037.54,4/6/2013,$252417.82
104,0039208412713920841271,3,216,$27940.95,10/26/2007,$251124.87
105,0039208412713920841271,4,18,$211748.37,1/29/2019,$116301.13
106,0039208412713920841271,3,298,$25252.25,2/11/2001,$150549.21
107,0039208412713920841271,4,356,$244053.63,11/26/2022,$286128.26
108,0039208412713920841271,3,230,$522276.10,5/14/2023,$378714.42
109,0039208412713920841271,1,196,$362925.80,6/25/2003,$569613.98
110,0039208412713920841271,0,322,$342508.32,5/7/2015,$509538.30
111,0039208412713920841271,1,71,$24694.21,2/16/2006,$203643.22
112,0039208412713920841271,4,191,$22038.53,3/21/2023,$63802.97
113,0039208412713920841271,3,36,,11/15/2016,$306732.28
114,0039208412713920841271,2,303,$321702.96,9/3/2001,$264354.35
115,0039208412713920841271,1,85,$545388.16,11/6/2008,$208769.30
116,0039208412713920841271,4,107,$192622.47,6/26/2003,$351796.02
117,0039208412713920841271,3,90,$375916.69,11/25/2010,$355382.52
118,,0,372,$402379.28,3/11/2006,$574420.95
119,0039208412713920841271,0,10,$537577.32,10/7/2017,$296375.10
120,0039208412713920841271,1,380,$106667.16,8/14/2004,$531482.76
121,0039208412713920841271,1,281,$111605.02,10/16/2010,$65617.57
122,0039208412713920841271,0,362,$148588.72,3/28/2018,$150644.69
123,0039208412713920841271,2,49,$35866.67,4/29/2011,$71400.14
124,0039208412713920841271,1,87,$330311.86,9/7/2003,$513638.98
125,0039208412713920841271,4,273,$219086.05,1/10/2016,$220486.56
126,0039208412713920841271,3,320,$261550.89,7/1/2013,$91929.62
127,0039208412713920841271,1,150,$590727.23,12/4/2003,$367747.34
128,0039208412713920841271,1,221,$39010.73,3/18/2014,$62396.43
129,0039208412713920841271,3,232,,4/25/2021,$150984.57
130,0039208412713920841271,2,164,$276004.85,5/28/2017,$570778.08
131,0039208412713920841271,3,365,$140588.41,1/25/2022,$537678.70
132,0039208412713920841271,2,292,$59030.57,3/13/2024,$62139.13
133,0039208412713920841271,4,213,$486485.27,4/13/2020,$531572.11
134,0039208412713920841271,4,30,,7/1/2008,$470196.25
135,0039208412713920841271,4,361,$534066.72,11/1/2019,$538552.12
136,0039208412713920841271,4,374,$57214.18,3/2/2014,$336743.40
137,0039208412713920841271,4,65,$109637.17,12/10/2009,$330045.07
138,0039208412713920841271,2,29,$241986.29,4/1/2015,$247311.50
139,0039208412713920841271,2,2,$555149.82,4/24/2010,$506621.79
140,0039208412713920841271,0,5,$533813.35,4/17/2021,$18175.66
141,0039208412713920841271,3,310,$422600.67,9/9/2023,$363704.19
142,0039208412713920841271,3,296,$593538.00,11/3/2017,$132999.92
143,0039208412713920841271,3,229,$126428.13,8/1/2006,$576348.20
144,0039208412713920841271,3,317,$130837.04,2/12/2024,$80984.22
145,0039208412713920841271,1,396,$545918.24,10/18/2021,$218718.41
146,0039208412713920841271,1,258,$448041.95,7/4/2011,$254691.24
147,0039208412713920841271,2,56,$298901.90,5/12/2002,$343653.79
148,0039208412713920841271,0,166,$474177.28,6/30/2012,$395119.31
149,0039208412713920841271,4,183,$356321.06,4/8/2006,$387876.68
150,0039208412713920841271,4,44,$34892.68,9/25/2011,$21660.90
151,0039208412713920841271,1,17,$540559.22,3/13/2014,$388472.47
152,0039208412713920841271,2,146,,8/21/2018,$467576.77
153,0039208412713920841271,0,333,$248362.81,9/8/2022,$386578.66
154,0039208412713920841271,0,258,$322729.73,2/21/2023,$26283.64
155,0039208412713920841271,3,354,$35202.54,12/5/2009,$79189.17
156,0039208412713920841271,4,305,$134713.05,10/14/2010,$352987.87
157,0039208412713920841271,2,17,$443904.06,12/4/2012,$210743.15
158,0039208412713920841271,2,38,$111106.57,5/23/2006,$293804.76
159,0039208412713920841271,3,279,$157647.09,12/15/2021,$161471.33
160,,3,378,$495705.03,11/12/2002,$117375.07
161,0039208412713920841271,0,367,$466260.24,5/7/2008,$547332.51
162,0039208412713920841271,0,136,,3/18/2019,$297918.35
163,,2,352,$387854.34,7/19/2012,$364031.29
164,0039208412713920841271,0,347,$70198.64,2/26/2009,$441254.35
165,0039208412713920841271,2,281,$12424.06,2/28/2018,$125513.04
166,0039208412713920841271,3,314,$192310.49,4/27/2004,$527864.35
167,0039208412713920841271,4,7,$391679.27,8/17/2003,$553415.02
168,0039208412713920841271,2,243,$520869.66,5/22/2024,$148097.29
169,0039208412713920841271,1,262,$443159.75,12/26/2021,$321650.88
170,0039208412713920841271,2,177,$229282.30,2/19/2007,$6666.42
171,0039208412713920841271,2,349,$375613.93,10/7/2023,$439256.09
172,0039208412713920841271,3,111,$90720.87,8/31/2006,$201483.22
173,0039208412713920841271,0,283,$238319.66,12/31/2006,$388884.42
174,0039208412713920841271,2,336,$17545.99,2/10/2012,$170930.25
175,,4,6,$143988.71,11/15/2016,$253349.41
176,0039208412713920841271,4,398,$29005.21,3/27/2016,$450548.05
177,0039208412713920841271,3,258,$472475.24,8/21/2006,$415637.04
178,0039208412713920841271,0,390,$487928.58,4/12/2002,$34988.96
179,0039208412713920841271,1,34,$570460.42,3/31/2023,$224912.47
180,0039208412713920841271,1,220,$167389.87,2/1/2015,$59320.87
181,0039208412713920841271,1,203,$305290.19,2/17/2012,$476108.93
182,0039208412713920841271,4,172,$315518.27,12/23/2002,$360165.66
183,0039208412713920841271,0,58,$596440.59,12/19/2015,$443596.33
184,0039208412713920841271,1,364,$107139.24,5/10/2014,$69406.83
185,0039208412713920841271,4,347,$391243.86,12/31/2017,$275035.66
186,0039208412713920841271,4,23,$225980.85,9/13/2023,$158570.31
187,0039208412713920841271,1,232,$256158.13,12/20/2006,$208731.50
188,0039208412713920841271,1,346,$206838.81,2/28/2023,$372250.61
189,0039208412713920841271,0,261,$190969.96,9/20/2013,$479379.76
190,0039208412713920841271,4,324,$593823.09,6/9/2002,$430050.78
191,0039208412713920841271,1,391,$108946.72,1/24/2016,$314989.70
192,0039208412713920841271,3,162,$110470.57,1/12/2017,$267712.34
193,0039208412713920841271,2,380,$309752.23,1/19/2020,$102043.86
194,0039208412713920841271,3,19,$99803.50,3/31/2004,$226914.66
195,0039208412713920841271,1,233,$129743.10,7/7/2017,$147093.57
196,0039208412713920841271,0,182,$387858.24,1/17/2019,$349174.79
197,0039208412713920841271,2,363,,10/8/2022,$274449.19
198,0039208412713920841271,2,114,$124431.14,2/6/2022,$108572.15
199,0039208412713920841271,1,3,$262361.44,7/26/2005,$284890.41
200,0039208412713920841271,0,360,$252760.11,1/28/2013,$182496.27
201,0039208412713920841271,1,391,$21701.57,10/18/2007,$77780.92
202,0039208412713920841271,4,94,$257436.15,1/16/2020,$545233.47
203,0039208412713920841271,0,17,$335565.03,10/25/2004,$273274.28
204,0039208412713920841271,4,38,$194806.13,10/17/2018,$472174.33
205,0039208412713920841271,3,204,$80734.68,12/12/2018,$385810.66
206,0039208412713920841271,3,65,$332389.57,8/8/2021,$525706.72
207,0039208412713920841271,0,44,,1/29/2011,$108327.76
208,0039208412713920841271,2,381,$416504.22,9/7/2016,$346378.04
209,0039208412713920841271,0,129,$492281.78,1/4/2011,$218728.10
210,0039208412713920841271,4,335,$450847.89,11/17/2001,$336747.06
211,0039208412713920841271,0,340,$416846.96,5/4/2021,$462582.60
212,0039208412713920841271,0,167,$228014.39,5/31/2021,$411914.00
213,0039208412713920841271,4,31,$300159.95,4/13/2015,$598878.43
214,0039208412713920841271,4,131,$59790.06,11/16/2020,$587063.17
215,0039208412713920841271,4,277,$33766.97,2/8/2014,$502143.25
216,0039208412713920841271,3,159,$495554.85,10/5/2008,$89331.44
217,0039208412713920841271,4,316,$314593.16,12/7/2016,$598035.19
218,0039208412713920841271,1,329,,9/19/2019,$99158.29
219,0039208412713920841271,2,391,$454587.31,4/14/2021,$287138.71
220,0039208412713920841271,1,236,$64530.96,8/1/2022,$69510.59
221,0039208412713920841271,3,225,$75243.35,2/18/2013,$575069.37
222,0039208412713920841271,0,76,$560098.96,4/17/2017,$356117.97
223,0039208412713920841271,2,288,$561121.45,4/30/2005,$545191.75
224,0039208412713920841271,0,292,$500624.47,2/7/2009,$566530.52
225,0039208412713920841271,4,246,,10/1/2013,$339778.81
226,0039208412713920841271,2,218,$552555.67,9/27/2005,$440180.66
227,0039208412713920841271,0,205,$381064.94,9/17/2002,$371617.72
228,0039208412713920841271,0,195,$435011.10,8/3/2015,$76826.24
229,0039208412713920841271,3,233,$563784.55,8/20/2003,$387942.91
230,0039208412713920841271,4,267,$114512.72,1/2/2015,$428844.48
231,0039208412713920841271,2,341,$30777.25,7/25/2006,$414612.89
232,0039208412713920841271,1,350,$129839.50,10/20/2010,$381087.20
233,0039208412713920841271,3,121,$308737.81,8/6/2010,$505009.48
234,0039208412713920841271,3,291,$497093.11,12/19/2001,$433361.36
235,0039208412713920841271,0,255,$462189.67,6/17/2020,$102428.88
236,0039208412713920841271,2,63,$286393.29,7/7/2007,$299630.64
237,0039208412713920841271,0,10,$108477.14,1/3/2023,$314905.55
238,0039208412713920841271,3,186,$251769.77,12/12/2019,$309229.80
239,0039208412713920841271,0,211,$34512.43,11/16/2002,$107898.37
240,0039208412713920841271,4,15,$302664.25,7/23/2005,$287350.16
241,0039208412713920841271,4,108,$168263.22,3/10/2006,$254698.27
242,0039208412713920841271,3,340,$566292.47,11/30/2016,$270806.50
243,0039208412713920841271,0,196,$366773.15,9/21/2008,$373716.50
244,0039208412713920841271,3,152,$282540.33,10/23/2013,$546467.96
245,0039208412713920841271,0,185,$526378.50,6/4/2008,$369922.44
246,0039208412713920841271,2,213,$196388.25,6/3/2022,$65645.13
247,0039208412713920841271,4,50,$327085.37,2/25/2003,$237241.21
248,0039208412713920841271,3,185,$353619.54,4/19/2017,$48179.52
249,0039208412713920841271,3,59,$230266.31,4/22/2002,$364976.20
250,0039208412713920841271,0,369,$285662.27,6/8/2003,$544100.49
251,0039208412713920841271,0,61,,2/3/2004,$340445.32
252,0039208412713920841271,4,112,$364553.29,1/31/2001,$304088.35
253,0039208412713920841271,1,325,$488857.75,3/23/2013,$448022.31
254,0039208412713920841271,4,360,$16731.34,7/15/2011,$282412.15
255,0039208412713920841271,2,148,$392697.57,10/17/2007,$25164.45
256,0039208412713920841271,4,372,$517825.74,5/5/2009,$376056.01
257,0039208412713920841271,1,194,$309556.06,6/12/2017,$269641.70
258,0039208412713920841271,1,186,$459739.99,2/13/2024,$165100.62
259,0039208412713920841271,4,397,$401374.38,9/17/2010,$366544.35
260,,1,90,$29552.12,2/22/2023,$493406.03
261,0039208412713920841271,1,36,$53034.16,1/4/2022,$11360.18
262,0039208412713920841271,0,105,$306604.12,11/15/2018,$156536.06
263,0039208412713920841271,4,171,$445188.28,3/31/2006,$185069.85
264,0039208412713920841271,2,180,$359819.98,11/8/2005,$372163.65
265,,2,143,$455733.63,10/24/2022,$544253.70
266,0039208412713920841271,2,65,$553423.74,9/18/2005,$349227.52
267,,1,136,$193281.16,9/7/2024,$65749.93
268,0039208412713920841271,3,25,$363241.37,10/6/2008,$553188.76
269,0039208412713920841271,1,89,$211455.97,11/27/2000,$348947.40
270,0039208412713920841271,4,290,$593479.15,12/25/2001,$367263.40
271,0039208412713920841271,3,217,$16512.82,5/7/2024,$63280.70
272,0039208412713920841271,3,43,,2/20/2014,$597404.87
273,0039208412713920841271,2,66,$58258.19,1/26/2007,$424896.64
274,0039208412713920841271,0,275,$520585.09,7/24/2003,$144276.73
275,0039208412713920841271,4,332,$442625.06,3/17/2003,$214742.86
276,0039208412713920841271,1,354,$564595.27,6/24/2007,$379482.72
277,0039208412713920841271,4,271,$429439.19,2/24/2018,$87396.65
278,0039208412713920841271,3,211,$291708.85,12/18/2019,$469773.95
279,0039208412713920841271,3,175,$512276.50,4/12/2011,$118602.08
280,,0,337,$15196.56,10/24/2011,$443332.88
281,0039208412713920841271,1,152,$534005.96,7/23/2015,$469113.21
282,0039208412713920841271,2,287,$272882.69,1/10/2021,$32066.46
283,0039208412713920841271,3,385,$441285.93,2/1/2022,$458969.91
284,0039208412713920841271,3,169,$369117.43,9/3/2022,$206853.70
285,0039208412713920841271,3,8,$565413.54,11/8/2002,$599517.62
286,0039208412713920841271,4,137,$150410.97,1/12/2006,$595412.05
287,0039208412713920841271,2,358,$393982.72,2/19/2002,$152893.05
288,0039208412713920841271,3,375,,1/31/2019,$57802.88
289,0039208412713920841271,4,369,$57231.43,11/12/2003,$504471.67
290,,2,190,$394699.66,1/29/2019,$204294.74
291,0039208412713920841271,2,317,,8/8/2014,$66967.76
292,0039208412713920841271,1,318,$119502.59,9/5/2019,$356581.72
293,0039208412713920841271,2,249,$325449.90,2/6/2009,$134748.11
294,0039208412713920841271,2,300,$6799.36,10/25/2017,$350663.09
295,0039208412713920841271,4,223,,5/11/2003,$80027.96
296,0039208412713920841271,3,333,$332872.02,11/9/2008,$332446.44
297,0039208412713920841271,3,106,$78454.73,5/4/2022,$468737.68
298,0039208412713920841271,2,195,$260410.41,2/12/2013,$474530.23
299,0039208412713920841271,3,219,$346.32,8/31/2002,$499844.17
300,0039208412713920841271,0,359,$237868.74,12/5/2016,$516617.30
301,0039208412713920841271,1,12,$303683.96,8/13/2024,$43379.50
302,0039208412713920841271,3,16,$324351.27,8/17/2024,$152007.05
303,0039208412713920841271,2,383,$296061.75,8/14/2022,$502691.86
304,0039208412713920841271,3,53,$49268.98,7/4/2022,$104429.22
305,0039208412713920841271,4,183,$365759.12,1/16/2014,$114762.83
306,0039208412713920841271,2,52,$326908.56,9/5/2006,$45504.80
307,0039208412713920841271,1,148,$572598.64,4/27/2019,$533425.09
308,0039208412713920841271,2,333,$355941.04,3/26/2016,$33990.88
309,0039208412713920841271,3,346,$582155.94,6/19/2012,$145334.12
310,0039208412713920841271,2,369,$26298.29,2/22/2021,$26186.21
311,0039208412713920841271,4,22,$352100.92,8/5/2009,$503702.15
312,,0,315,$69337.25,7/10/2001,$405751.28
313,,3,293,$177226.36,12/12/2004,$14891.83
314,0039208412713920841271,1,266,$578023.00,6/2/2020,$442441.61
315,0039208412713920841271,0,129,$183342.88,9/12/2004,$393292.88
316,0039208412713920841271,1,25,$138917.21,7/17/2002,$146748.05
317,0039208412713920841271,3,190,$249301.99,9/30/2003,$310208.95
318,0039208412713920841271,3,45,,10/31/2006,$294586.47
319,0039208412713920841271,1,361,$28255.15,10/8/2018,$304685.03
320,0039208412713920841271,3,360,$333774.81,7/3/2014,$425526.21
321,0039208412713920841271,2,4,$244266.98,12/10/2016,$24780.18
322,0039208412713920841271,3,104,$519201.59,4/1/2022,$400707.89
323,0039208412713920841271,0,381,$90052.96,8/15/2003,$401269.23
324,,0,377,$432750.59,7/26/2020,$203366.42
325,0039208412713920841271,0,43,$582418.40,10/24/2017,$259879.52
326,0039208412713920841271,3,207,$124765.58,2/28/2001,$335704.79
327,0039208412713920841271,0,257,$253908.74,2/23/2013,$436404.21
328,0039208412713920841271,3,294,$215771.64,9/28/2014,$474305.20
329,0039208412713920841271,1,27,$222370.53,6/14/2001,$474252.61
330,0039208412713920841271,3,315,$178093.38,1/31/2012,$578513.93
331,0039208412713920841271,2,361,$129934.33,6/8/2014,$549912.15
332,0039208412713920841271,4,87,$264289.26,10/18/2019,$565208.64
333,0039208412713920841271,1,364,$454047.85,7/22/2004,$57177.09
334,0039208412713920841271,1,262,$244005.13,3/27/2024,$469575.69
335,0039208412713920841271,0,143,$58674.05,5/4/2008,$525983.15
336,,0,353,$126634.04,10/15/2003,$75962.95
337,0039208412713920841271,0,213,$114076.77,12/31/2021,$471458.41
338,0039208412713920841271,3,392,$590188.07,8/29/2005,$449736.14
339,0039208412713920841271,3,153,$566825.03,6/5/2008,$131864.13
340,0039208412713920841271,4,21,$343446.01,6/11/2024,$80989.35
341,0039208412713920841271,4,1,$557170.62,5/24/2019,$219129.55
342,0039208412713920841271,1,89,$187407.92,4/1/2021,$143013.33
343,0039208412713920841271,0,106,$69874.03,10/25/2012,$251483.76
344,0039208412713920841271,0,330,$521032.45,9/7/2011,$126537.57
345,0039208412713920841271,1,162,$568509.06,2/11/2010,$121385.23
346,0039208412713920841271,3,133,$54095.95,7/17/2014,$220918.14
347,0039208412713920841271,0,312,$80515.57,6/21/2011,$413991.01
348,0039208412713920841271,4,228,$366609.68,9/19/2013,$491537.39
349,0039208412713920841271,4,324,$262307.79,9/19/2019,$570217.95
350,0039208412713920841271,2,149,$226685.22,7/25/2021,$36312.31
351,0039208412713920841271,2,294,$366132.74,7/28/2017,$313690.62
352,0039208412713920841271,2,18,$103757.78,5/26/2023,$153697.50
353,0039208412713920841271,1,366,$472573.88,2/10/2002,$37375.67
354,0039208412713920841271,3,154,$13766.32,2/8/2005,$218923.50
355,0039208412713920841271,4,257,$325003.77,5/17/2013,$259924.13
356,0039208412713920841271,0,119,$106647.08,9/21/2010,$262881.63
357,0039208412713920841271,4,119,$493886.21,10/5/2004,$569236.19
358,0039208412713920841271,2,66,$148300.06,8/10/2020,$551226.87
359,0039208412713920841271,0,201,$46904.67,12/26/2016,$483264.28
360,0039208412713920841271,4,37,$324865.75,10/15/2014,$543025.32
361,0039208412713920841271,2,363,$123351.09,7/7/2006,$74923.45
362,0039208412713920841271,3,29,$224396.22,7/21/2013,$319158.15
363,0039208412713920841271,4,55,$62419.58,4/4/2019,$96770.53
364,0039208412713920841271,4,69,$396145.21,5/14/2022,$320045.08
365,0039208412713920841271,4,256,$142283.91,5/4/2001,$157618.24
366,0039208412713920841271,4,259,$5071.47,5/31/2003,$416614.63
367,0039208412713920841271,0,176,$298452.22,7/11/2003,$471993.42
368,0039208412713920841271,2,9,$128502.78,1/2/2010,$179617.52
369,0039208412713920841271,2,218,$21982.22,2/8/2016,$287347.66
370,0039208412713920841271,4,305,$272978.07,4/16/2019,$332507.16
371,0039208412713920841271,1,248,$242954.16,1/23/2001,$286981.95
372,0039208412713920841271,0,212,$471158.42,1/5/2020,$383717.24
373,0039208412713920841271,2,235,$283537.41,12/13/2007,$138735.08
374,0039208412713920841271,3,174,$438437.24,2/27/2004,$483651.85
375,0039208412713920841271,0,43,$545375.71,6/26/2011,$304353.50
376,0039208412713920841271,2,78,$182190.05,12/22/2020,$588527.92
377,0039208412713920841271,0,324,$358614.88,1/24/2019,$101061.10
378,0039208412713920841271,1,63,$20534.36,11/27/2001,$329163.50
379,0039208412713920841271,1,108,,7/26/2019,$526221.72
380,,4,377,$555859.71,7/27/2002,$418159.15
381,0039208412713920841271,4,324,$39323.52,8/14/2008,$458722.57
382,0039208412713920841271,1,114,$10708.65,8/29/2011,$245477.21
383,0039208412713920841271,2,271,$42646.61,2/14/2019,$133419.54
384,0039208412713920841271,1,56,$327770.71,10/12/2006,$259844.21
385,0039208412713920841271,3,74,$465874.04,8/7/2021,$351523.77
386,0039208412713920841271,0,95,$98884.44,3/4/2017,$86885.12
387,0039208412713920841271,0,234,$543041.42,1/28/2003,$254447.23
388,,0,119,$368902.38,12/9/2012,$331716.08
389,0039208412713920841271,4,158,$562146.57,4/23/2008,$152439.20
390,0039208412713920841271,3,109,$404993.14,2/2/2011,$107474.63
391,0039208412713920841271,3,205,$325906.36,5/7/2004,$210383.95
392,0039208412713920841271,2,212,$308317.84,10/27/2007,$399398.17
393,0039208412713920841271,4,376,$178417.14,7/31/2016,$190614.65
394,0039208412713920841271,4,234,$122470.96,4/27/2019,$67127.77
395,0039208412713920841271,1,76,$317366.90,4/9/2022,$446767.77
396,0039208412713920841271,1,246,$332507.93,9/26/2015,$414437.20
397,0039208412713920841271,3,383,$599272.26,11/18/2015,$88339.19
398,0039208412713920841271,0,166,$129560.11,8/20/2004,$241160.24
399,0039208412713920841271,4,161,$233184.85,2/3/2008,$533679.84
400,0039208412713920841271,4,270,$481122.41,10/13/2012,$491787.43
401,0039208412713920841271,4,92,$399692.88,1/6/2024,$55399.41
402,0039208412713920841271,2,342,$540210.32,3/7/2021,$175422.31
403,0039208412713920841271,2,97,$47395.18,3/30/2018,$45496.04
404,0039208412713920841271,0,35,$46007.70,5/31/2005,$296750.25
405,0039208412713920841271,4,34,$107052.17,2/19/2004,$146197.62
406,,3,270,$77120.03,6/9/2020,$148643.74
407,0039208412713920841271,0,59,$326445.70,4/10/2014,$455960.52
408,,1,227,$454535.73,5/1/2010,$532573.58
409,0039208412713920841271,2,63,$246250.53,6/28/2013,$302285.18
410,0039208412713920841271,0,252,$327475.65,9/23/2010,$304339.63
411,0039208412713920841271,2,325,$180283.95,1/28/2001,$548329.98
412,0039208412713920841271,1,339,$504302.10,12/11/2014,$479545.15
413,0039208412713920841271,0,193,$509807.49,5/1/2001,$139941.74
414,0039208412713920841271,0,101,$506521.45,3/14/2005,$463742.87
415,0039208412713920841271,2,338,$133598.39,5/18/2011,$472659.77
416,0039208412713920841271,1,176,$128358.71,6/21/2019,$389869.88
417,0039208412713920841271,3,266,$438314.85,12/31/2020,$28594.78
418,0039208412713920841271,0,340,$308347.32,5/16/2016,$268710.76
419,0039208412713920841271,2,119,$370030.24,8/23/2005,$456023.32
420,0039208412713920841271,3,355,$597872.37,6/6/2007,$477464.85
421,0039208412713920841271,1,393,$143502.82,8/29/2002,$257990.56
422,0039208412713920841271,3,207,$460638.32,4/5/2011,$424304.04
423,0039208412713920841271,1,96,$550993.33,8/31/2002,$481861.05
424,0039208412713920841271,3,312,$115389.96,12/17/2008,$517006.71
425,,3,235,$422024.19,10/24/2011,$253669.53
426,0039208412713920841271,2,324,$122005.49,3/8/2012,$455875.22
427,0039208412713920841271,0,30,$463530.32,2/13/2021,$284302.75
428,0039208412713920841271,4,338,$172585.65,9/25/2019,$37185.77
429,0039208412713920841271,0,51,$457026.22,10/5/2004,$352958.43
430,0039208412713920841271,2,105,$116101.82,8/12/2002,$76523.15
431,,3,70,$179113.59,3/29/2009,$404288.04
432,0039208412713920841271,4,245,$68665.55,2/5/2024,$60870.98
433,0039208412713920841271,2,245,$210345.62,8/16/2012,$70688.14
434,0039208412713920841271,1,377,$303887.16,7/30/2015,$393161.12
435,0039208412713920841271,3,63,$48845.36,1/23/2019,$223758.99
436,0039208412713920841271,1,33,$196975.75,6/16/2012,$389228.23
437,0039208412713920841271,0,48,$2357.82,12/20/2006,$4165.13
438,0039208412713920841271,3,27,$51816.32,11/3/2014,$299986.24
439,0039208412713920841271,2,57,$437418.21,7/30/2021,$143196.78
440,0039208412713920841271,1,393,$17776.46,9/3/2006,$59525.76
441,0039208412713920841271,4,108,$86968.63,6/27/2019,$77300.00
442,0039208412713920841271,0,367,,11/12/2000,$377854.98
443,0039208412713920841271,1,104,,2/11/2010,$253076.21
444,0039208412713920841271,2,122,$53695.40,7/23/2016,$407081.66
445,0039208412713920841271,1,260,$440647.59,1/4/2023,$199512.91
446,0039208412713920841271,2,245,$361459.31,12/31/2015,$80144.10
447,0039208412713920841271,2,219,$8958.92,9/12/2013,$534754.16
448,0039208412713920841271,4,99,$218774.64,9/28/2021,$114614.43
449,0039208412713920841271,3,351,$551263.29,4/13/2015,$143245.64
450,0039208412713920841271,3,384,$255023.20,7/3/2013,$69193.57
451,0039208412713920841271,1,237,$495554.54,11/24/2002,$171667.08
452,0039208412713920841271,2,35,$101857.95,11/25/2012,$72708.90
453,0039208412713920841271,2,384,$543501.38,9/19/2007,$64422.24
454,0039208412713920841271,2,139,$561884.85,1/3/2011,$599907.50
455,0039208412713920841271,1,71,$333730.53,4/26/2020,$577446.80
456,0039208412713920841271,4,57,,12/28/2009,$108373.98
457,0039208412713920841271,0,285,$105761.63,8/31/2010,$123860.09
458,0039208412713920841271,4,101,$108845.96,9/15/2009,$453617.46
459,0039208412713920841271,0,47,$216519.47,6/17/2011,$443193.64
460,0039208412713920841271,4,190,$102339.99,2/11/2018,$483274.47
461,0039208412713920841271,4,294,$330302.36,4/7/2001,$480736.80
462,0039208412713920841271,1,348,,9/6/2016,$535559.23
463,0039208412713920841271,0,378,$453083.72,7/14/2010,$175315.95
464,0039208412713920841271,4,62,$164441.95,7/23/2014,$26078.48
465,0039208412713920841271,4,175,,8/1/2021,$116457.05
466,0039208412713920841271,1,135,$466311.24,12/14/2003,$548119.39
467,0039208412713920841271,4,43,$393177.63,2/24/2019,$523940.44
468,0039208412713920841271,4,91,$178332.87,6/14/2018,$32417.78
469,0039208412713920841271,2,237,$93952.01,5/7/2001,$59863.42
470,0039208412713920841271,3,376,$23150.48,11/8/2023,$31223.42
471,,0,15,$451741.46,10/5/2003,$437734.94
472,0039208412713920841271,2,211,$403161.25,12/7/2011,$24523.10
473,0039208412713920841271,2,132,$586095.15,10/6/2013,$5501.28
474,0039208412713920841271,0,213,,9/23/2021,$86030.33
475,0039208412713920841271,4,53,$51710.68,4/3/2003,$3623.34
476,0039208412713920841271,3,390,$502772.47,11/1/2002,$330450.07
477,0039208412713920841271,4,256,$268399.47,6/19/2003,$190800.19
478,0039208412713920841271,0,242,$567739.93,8/20/2024,$547748.90
479,0039208412713920841271,4,212,$549822.97,4/25/2018,$575832.65
480,0039208412713920841271,1,293,$264419.08,10/20/2005,$187428.10
481,0039208412713920841271,3,336,$351432.84,8/29/2015,$190056.39
482,0039208412713920841271,4,218,$478114.04,7/3/2012,$113028.74
483,0039208412713920841271,3,155,$145724.11,5/27/2010,$407062.44
484,0039208412713920841271,3,79,$585817.38,12/8/2013,$162553.91
485,0039208412713920841271,1,334,$395745.62,5/14/2010,$507195.30
486,0039208412713920841271,4,360,$329025.51,3/22/2004,$227505.88
487,0039208412713920841271,1,75,$421921.79,7/4/2012,$587991.89
488,0039208412713920841271,4,371,$417561.00,12/3/2021,$412112.61
489,0039208412713920841271,4,208,$381210.28,7/13/2007,$8600.85
490,0039208412713920841271,4,345,$151993.54,8/11/2005,$519546.04
491,0039208412713920841271,0,366,$347167.67,12/23/2013,$164386.87
492,,3,129,$52837.08,2/2/2004,$495760.37
493,0039208412713920841271,3,98,$259049.87,2/14/2008,$275283.68
494,0039208412713920841271,3,137,$139068.73,7/19/2004,$529501.72
495,0039208412713920841271,0,288,$204376.88,10/28/2007,$216104.07
496,0039208412713920841271,1,240,$553358.56,7/13/2019,$369720.52
497,0039208412713920841271,4,8,$201440.19,2/7/2015,$341386.65
498,0039208412713920841271,2,95,$239243.80,4/20/2019,$347058.05
499,0039208412713920841271,4,94,$277184.68,9/9/2015,$138487.31
500,0039208412713920841271,2,215,$372156.61,6/28/2017,$462628.47
501,0039208412713920841271,3,195,$300333.16,5/18/2016,$167512.07
502,0039208412713920841271,3,21,$566738.47,3/22/2009,$347580.29
503,0039208412713920841271,3,283,$28324.89,5/9/2001,$310530.29
504,0039208412713920841271,4,118,$362191.76,2/27/2004,$494729.34
505,0039208412713920841271,1,145,$315596.94,1/14/2016,$72588.59
506,0039208412713920841271,4,1,$402065.40,9/12/2011,$222833.00
507,0039208412713920841271,2,45,$525906.88,10/14/2011,$445465.96
508,0039208412713920841271,1,143,$97809.10,11/30/2023,$318585.41
509,0039208412713920841271,2,305,$231258.99,3/26/2020,$488369.33
510,0039208412713920841271,0,175,$92893.50,11/2/2005,$543124.51
511,0039208412713920841271,2,52,$455529.98,9/17/2014,$290781.61
512,0039208412713920841271,2,184,$131338.83,4/16/2003,$170240.51
513,0039208412713920841271,4,241,$209742.76,11/21/2011,$330478.61
514,,0,34,$198846.75,9/29/2006,$595980.87
515,0039208412713920841271,4,206,$585547.97,11/17/2022,$244187.88
516,0039208412713920841271,0,125,$10112.37,4/4/2003,$407612.87
517,,0,194,$18579.74,9/20/2019,$212352.72
518,0039208412713920841271,0,210,,12/2/2015,$274904.09
519,,1,350,,12/20/2014,$10116.07
520,0039208412713920841271,1,49,$83570.90,8/16/2019,$24743.73
521,0039208412713920841271,2,228,$523730.32,6/4/2008,$174919.94
522,0039208412713920841271,2,224,$521569.77,3/26/2023,$474324.60
523,0039208412713920841271,0,309,$430431.15,3/31/2014,$118627.65
524,0039208412713920841271,0,303,$460958.60,5/6/2010,$315675.92
525,0039208412713920841271,2,67,$471618.97,11/18/2018,$207588.58
526,0039208412713920841271,1,176,$13246.93,2/8/2013,$89090.41
527,0039208412713920841271,0,210,$569229.70,10/6/2003,$26208.26
528,0039208412713920841271,1,272,$497571.48,7/23/2021,$249178.01
529,0039208412713920841271,0,343,$192588.02,2/18/2020,$270583.58
530,0039208412713920841271,2,367,$336883.57,3/27/2014,$104433.92
531,,3,54,$296636.73,7/12/2016,$30129.58
532,0039208412713920841271,1,87,$297294.38,10/12/2014,$405567.75
533,0039208412713920841271,0,359,$239391.62,12/29/2004,$579315.77
534,0039208412713920841271,1,322,$277750.05,9/27/2012,$62680.65
535,0039208412713920841271,0,254,$497147.70,9/6/2009,$179834.24
536,0039208412713920841271,0,135,$311385.73,1/10/2005,$174061.93
537,0039208412713920841271,4,330,$439585.24,6/23/2014,$103407.29
538,0039208412713920841271,3,84,$248242.88,6/20/2023,$199260.36
539,0039208412713920841271,0,125,$506925.35,4/2/2018,$85254.83
540,0039208412713920841271,4,28,$84502.33,3/1/2012,$112665.66
541,0039208412713920841271,2,196,$401242.98,6/10/2019,$51299.41
542,0039208412713920841271,3,219,$577019.74,1/5/2023,$39256.38
543,0039208412713920841271,4,354,$184440.25,5/6/2002,$292668.25
544,0039208412713920841271,0,351,$102946.54,10/26/2017,$416436.15
545,0039208412713920841271,4,67,$543116.31,12/6/2023,$347686.94
546,0039208412713920841271,3,278,$448545.03,4/14/2023,$225981.92
547,0039208412713920841271,3,372,$360141.29,9/10/2012,$242421.69
548,0039208412713920841271,4,38,$470830.03,4/3/2024,$416823.48
549,0039208412713920841271,0,341,$348837.62,4/20/2018,$495338.41
550,0039208412713920841271,2,37,$418109.26,10/5/2012,$335095.21
551,,1,118,$335507.88,5/22/2013,$105509.62
552,0039208412713920841271,0,289,$599992.59,12/16/2005,$64478.05
553,0039208412713920841271,2,126,$274040.33,12/12/2017,$166111.57
554,0039208412713920841271,2,83,$391729.72,6/24/2004,$356422.36
555,0039208412713920841271,2,48,$48458.78,12/14/2009,$572241.34
556,0039208412713920841271,4,230,$107144.75,8/9/2001,$77020.10
557,0039208412713920841271,4,76,$584477.90,8/21/2021,$535641.33
558,0039208412713920841271,0,52,$183088.75,4/17/2020,$134451.62
559,0039208412713920841271,3,258,$402274.23,7/31/2005,$482271.44
560,0039208412713920841271,4,169,$267355.59,7/31/2016,$140063.76
561,0039208412713920841271,4,328,$329706.10,1/6/2007,$281646.55
562,0039208412713920841271,2,156,$423844.89,6/26/2021,$401567.67
563,0039208412713920841271,4,18,$594973.22,5/31/2014,$407444.17
564,0039208412713920841271,3,122,$185210.43,11/10/2021,$110772.08
565,0039208412713920841271,0,289,$560882.49,5/8/2022,$425184.60
566,0039208412713920841271,3,319,$576937.18,1/10/2022,$390277.82
567,0039208412713920841271,4,251,$236572.38,9/20/2005,$494495.74
568,0039208412713920841271,2,309,,11/19/2021,$34136.04
569,0039208412713920841271,1,115,$28254.13,5/31/2012,$281078.69
570,0039208412713920841271,2,33,$306077.06,8/3/2017,$464170.69
571,0039208412713920841271,4,376,$523353.47,12/23/2007,$495350.96
572,0039208412713920841271,3,336,$454478.18,9/29/2010,$483197.89
573,,0,115,$728.32,8/24/2020,$110527.93
574,0039208412713920841271,3,29,$276729.57,12/22/2003,$167177.97
575,0039208412713920841271,3,239,,4/13/2008,$31795.11
576,,0,52,$210691.01,11/29/2011,$153679.43
577,0039208412713920841271,3,357,$542237.16,9/16/2018,$568260.04
578,0039208412713920841271,2,286,,4/13/2014,$159496.45
579,0039208412713920841271,3,378,$272628.24,4/5/2003,$77020.18
580,0039208412713920841271,4,186,$133333.54,1/22/2017,$509188.88
581,0039208412713920841271,3,193,$145758.65,3/11/2006,$165478.46
582,0039208412713920841271,4,313,$275094.75,8/2/2005,$223655.21
583,0039208412713920841271,0,278,$561700.74,9/13/2010,$310651.43
584,0039208412713920841271,3,75,$116741.85,4/20/2005,$177730.58
585,0039208412713920841271,2,384,$408441.76,7/23/2004,$524834.11
586,0039208412713920841271,2,270,$318018.57,6/4/2015,$380211.20
587,0039208412713920841271,3,288,$138466.49,9/8/2005,$291936.85
588,0039208412713920841271,4,160,$565473.64,7/14/2001,$463703.99
589,0039208412713920841271,0,250,,3/9/2009,$48387.99
590,0039208412713920841271,0,282,$513117.29,7/25/2024,$325051.47
591,0039208412713920841271,0,101,$170483.37,9/19/2003,$41814.84
592,0039208412713920841271,4,110,$581302.16,8/4/2024,$487302.08
593,0039208412713920841271,1,108,$479250.00,3/29/2023,$241310.58
594,0039208412713920841271,3,354,$228617.30,7/19/2023,$494485.78
595,0039208412713920841271,4,238,$250243.24,3/27/2016,$467367.82
596,0039208412713920841271,1,265,$60548.65,9/19/2020,$291053.35
597,0039208412713920841271,0,112,$410074.23,12/9/2001,$710.88
598,0039208412713920841271,4,238,$275230.32,10/31/2011,$79765.87
599,0039208412713920841271,2,179,$448165.21,5/9/2015,$289015.19
600,0039208412713920841271,3,266,$491775.25,7/19/2007,$107554.57
601,0039208412713920841271,1,308,$392989.65,6/8/2006,$590001.13
602,0039208412713920841271,2,219,$330512.98,8/21/2009,$561292.84
603,0039208412713920841271,2,128,$320141.80,11/28/2016,$235410.10
604,0039208412713920841271,1,188,$2595.34,10/16/2017,$416005.04
605,0039208412713920841271,2,261,$133665.25,5/7/2008,$374775.90
606,0039208412713920841271,3,212,$538121.36,3/30/2004,$290286.89
607,,3,312,$587061.32,10/22/2003,$415152.79
608,0039208412713920841271,0,54,$409971.48,9/26/2013,$594901.74
609,,1,310,,5/11/2015,$486814.97
610,0039208412713920841271,1,235,$377962.77,1/3/2004,$496872.42
611,0039208412713920841271,2,341,$263614.72,1/13/2018,$59671.89
612,0039208412713920841271,4,353,$582407.17,2/18/2009,$506520.90
613,0039208412713920841271,2,281,$368067.77,5/6/2014,$247405.36
614,0039208412713920841271,4,243,,8/7/2004,$280770.87
615,0039208412713920841271,0,193,$596858.35,9/30/2018,$428822.38
616,,3,313,$598684.49,8/7/2018,$375740.78
617,0039208412713920841271,0,200,$507925.11,1/24/2001,$371860.79
618,0039208412713920841271,2,244,$308985.87,5/18/2005,$131153.43
619,0039208412713920841271,1,110,$112045.32,7/12/2011,$392038.77
620,0039208412713920841271,2,254,$432709.23,1/8/2008,$526383.39
621,0039208412713920841271,1,26,$540256.77,3/15/2007,$396461.44
622,0039208412713920841271,3,315,$41248.26,7/10/2014,$286642.75
623,0039208412713920841271,2,214,$597417.36,10/31/2001,$290230.12
624,0039208412713920841271,3,289,$505544.89,8/19/2006,$450.40
625,,2,305,$232672.93,10/28/2021,$496127.51
626,0039208412713920841271,3,151,,5/12/2014,$87571.41
627,0039208412713920841271,1,132,$31819.70,5/21/2005,$302425.22
628,0039208412713920841271,0,242,,7/30/2024,$449980.66
629,0039208412713920841271,2,397,$90208.72,7/7/2010,$81142.87
630,0039208412713920841271,0,379,$74151.65,10/26/2005,$518568.65
631,0039208412713920841271,3,370,$464962.50,6/14/2004,$209294.83
632,0039208412713920841271,0,210,$135597.20,3/7/2022,$193624.41
633,0039208412713920841271,2,389,$133653.29,10/30/2014,$118341.02
634,0039208412713920841271,4,357,,4/9/2017,$554014.66
635,0039208412713920841271,4,305,$557629.50,10/22/2011,$35063.57
636,0039208412713920841271,0,274,$80541.51,8/12/2023,$295.89
637,0039208412713920841271,1,104,$115042.70,4/28/2021,$111189.21
638,0039208412713920841271,0,280,$162894.78,9/8/2016,$129242.80
639,0039208412713920841271,2,253,$207831.54,8/28/2003,$550748.32
640,0039208412713920841271,2,387,$47946.64,12/31/2001,$534608.78
641,0039208412713920841271,2,154,$207196.56,8/12/2013,$187710.69
642,0039208412713920841271,1,386,$353632.03,9/13/2007,$365681.10
643,0039208412713920841271,4,201,$25740.18,5/4/2022,$10654.04
644,0039208412713920841271,3,268,$197986.21,8/27/2023,$431807.40
645,0039208412713920841271,1,149,$229436.10,7/12/2015,$16092.62
646,0039208412713920841271,0,284,$309355.89,9/17/2003,$441113.02
647,0039208412713920841271,0,329,$305595.63,7/29/2016,$84652.06
648,0039208412713920841271,2,275,$67981.62,4/29/2004,$437908.84
649,0039208412713920841271,4,237,$88186.48,12/16/2002,$509864.96
650,0039208412713920841271,4,43,$444419.64,1/4/2017,$505179.29
651,0039208412713920841271,3,269,,2/1/2002,$378973.10
652,0039208412713920841271,2,151,$24243.70,9/17/2004,$108950.66
653,0039208412713920841271,4,93,$246797.85,12/11/2003,$131216.88
654,0039208412713920841271,2,177,$509195.66,6/1/2001,$165790.66
655,0039208412713920841271,4,305,$249037.47,12/6/2004,$564084.60
656,0039208412713920841271,4,207,$387185.01,5/23/2003,$174445.11
657,0039208412713920841271,0,354,$451085.08,11/30/2023,$241113.16
658,0039208412713920841271,1,395,$448166.93,7/2/2018,$142796.22
659,0039208412713920841271,4,347,$500866.50,4/16/2015,$105550.67
660,0039208412713920841271,2,278,$25166.22,7/19/2002,$272302.94
661,0039208412713920841271,2,148,$50750.59,7/10/2002,$466054.56
662,0039208412713920841271,3,94,$447203.81,4/12/2007,$269159.32
663,0039208412713920841271,2,65,$449619.66,1/13/2008,$275062.66
664,0039208412713920841271,1,265,$480934.51,1/9/2024,$109351.18
665,0039208412713920841271,0,296,$304755.68,11/18/2022,$575758.28
666,0039208412713920841271,1,203,$266830.10,7/24/2005,$188959.43
667,0039208412713920841271,3,219,$568469.00,8/6/2010,$76719.49
668,0039208412713920841271,3,339,$392657.78,9/23/2003,$13444.23
669,0039208412713920841271,1,358,$404720.71,10/27/2012,$297707.88
670,0039208412713920841271,4,304,$588023.99,12/20/2020,$246577.58
671,0039208412713920841271,4,150,$596346.27,3/31/2020,$484261.87
672,0039208412713920841271,3,345,$351995.75,3/27/2011,$103701.62
673,0039208412713920841271,4,272,$273479.84,4/7/2001,$477606.31
674,0039208412713920841271,0,144,$413743.39,8/26/2006,$38944.48
675,0039208412713920841271,3,93,$192384.43,4/9/2015,$331970.17
676,0039208412713920841271,3,366,$14442.94,7/3/2017,$452765.65
677,0039208412713920841271,0,118,$448222.90,3/30/2001,$183643.64
678,0039208412713920841271,4,23,$102481.36,1/24/2014,$188831.23
679,0039208412713920841271,1,286,$452622.33,11/8/2019,$2400.24
680,0039208412713920841271,0,208,$265805.61,6/23/2004,$35899.52
681,0039208412713920841271,1,49,$94733.63,6/8/2006,$38138.01
682,0039208412713920841271,0,266,$59815.55,2/11/2023,$479744.93
683,0039208412713920841271,3,267,$14063.57,6/4/2009,$515495.82
684,0039208412713920841271,3,36,$416528.34,6/29/2004,$13313.88
685,0039208412713920841271,0,140,$332498.99,7/12/2015,$588404.42
686,0039208412713920841271,3,42,$477769.66,4/8/2002,$472413.91
687,0039208412713920841271,4,330,$575267.66,4/16/2024,$389373.42
688,0039208412713920841271,1,392,$159374.89,6/5/2006,$271793.37
689,0039208412713920841271,3,260,$207168.33,11/23/2014,$56195.15
690,0039208412713920841271,4,176,$360981.50,1/6/2011,$508208.04
691,0039208412713920841271,0,163,$235257.80,2/15/2010,$423905.56
692,0039208412713920841271,1,317,$36288.05,8/17/2021,$33839.21
693,0039208412713920841271,0,366,$231645.18,12/11/2004,$451680.41
694,0039208412713920841271,2,125,$314335.54,2/1/2014,$149660.97
695,0039208412713920841271,0,176,,2/24/2011,$67161.36
696,0039208412713920841271,4,226,,2/20/2009,$503358.29
697,0039208412713920841271,3,341,$319153.93,3/26/2011,$343093.09
698,0039208412713920841271,1,310,$10332.55,8/24/2014,$563202.29
699,0039208412713920841271,2,297,$418724.96,10/27/2006,$138643.04
700,0039208412713920841271,2,77,$167138.19,1/21/2016,$138072.81
701,0039208412713920841271,2,224,$535816.03,6/6/2016,$554698.67
702,0039208412713920841271,0,152,$313052.52,2/19/2021,$64353.37
703,0039208412713920841271,3,222,$73475.25,11/21/2005,$568932.42
704,0039208412713920841271,3,233,$515648.24,7/8/2003,$6689.48
705,0039208412713920841271,0,194,$82919.29,8/13/2020,$457134.41
706,0039208412713920841271,3,150,$314096.87,12/8/2014,$198679.54
707,0039208412713920841271,1,278,$439438.24,4/14/2017,$462516.46
708,0039208412713920841271,4,23,$380598.31,8/14/2010,$150355.26
709,0039208412713920841271,2,311,$592823.29,9/26/2003,$320576.45
710,0039208412713920841271,2,217,$449589.71,7/15/2001,$316142.33
711,0039208412713920841271,4,271,$58354.60,8/23/2011,$28047.79
712,0039208412713920841271,2,200,$303462.62,6/14/2003,$515935.94
713,0039208412713920841271,1,40,,9/20/2017,$116227.88
714,0039208412713920841271,1,340,$422384.02,9/6/2014,$519337.32
715,0039208412713920841271,1,140,$264781.30,11/6/2010,$140290.07
716,0039208412713920841271,1,399,$497620.56,8/8/2014,$56913.24
717,0039208412713920841271,0,299,$311035.95,2/28/2018,$507096.94
718,0039208412713920841271,1,48,$546839.88,3/17/2009,$101171.97
719,0039208412713920841271,4,391,$142020.09,12/22/2000,$214679.37
720,0039208412713920841271,4,192,$532379.63,3/25/2024,$329274.45
721,0039208412713920841271,2,360,$219814.69,5/25/2020,$534375.06
722,0039208412713920841271,4,271,$142274.08,5/29/2011,$230016.63
723,0039208412713920841271,2,75,$127983.48,1/5/2024,$435301.86
724,0039208412713920841271,0,45,$269082.79,5/29/2005,$535475.24
725,0039208412713920841271,1,79,,11/6/2012,$368197.31
726,0039208412713920841271,2,49,$597910.95,12/21/2005,$519878.06
727,0039208412713920841271,0,231,$411049.13,3/2/2008,$175791.55
728,0039208412713920841271,0,43,$487738.18,1/27/2021,$330219.45
729,0039208412713920841271,3,1,$462247.25,1/20/2013,$279581.27
730,0039208412713920841271,0,197,$306211.40,4/19/2021,$124530.80
731,0039208412713920841271,0,58,$518211.63,10/14/2016,$79446.33
732,0039208412713920841271,4,222,$417697.33,4/16/2016,$571838.25
733,0039208412713920841271,0,151,$454086.72,3/17/2020,$22939.38
734,0039208412713920841271,2,215,$301789.88,8/5/2006,$7097.45
735,0039208412713920841271,3,103,$98963.19,8/10/2023,$229305.34
736,0039208412713920841271,3,156,$569846.82,8/14/2005,$38625.77
737,0039208412713920841271,3,205,$517340.03,11/7/2004,$210556.24
738,0039208412713920841271,0,145,$434507.49,7/31/2010,$465338.97
739,0039208412713920841271,3,67,$175551.11,10/9/2002,$70935.77
740,0039208412713920841271,4,49,$371617.08,12/2/2001,$158686.76
741,0039208412713920841271,0,34,$390277.20,12/2/2014,$186669.21
742,0039208412713920841271,4,36,$449638.17,4/23/2023,$140889.57
743,0039208412713920841271,0,36,$71379.66,11/2/2004,$196914.84
744,0039208412713920841271,3,95,$189950.77,9/30/2006,$315492.81
745,0039208412713920841271,2,206,$543607.20,4/10/2004,$105909.58
746,0039208412713920841271,0,385,$166805.36,7/18/2001,$4909.05
747,0039208412713920841271,3,59,$439471.03,4/3/2017,$146022.82
748,0039208412713920841271,2,140,$29744.75,11/12/2020,$242920.45
749,0039208412713920841271,0,399,$419743.77,7/4/2014,$83391.91
750,0039208412713920841271,2,289,$546499.45,11/5/2006,$297213.72
751,,2,100,$123910.38,7/4/2017,$455807.47
752,,4,92,,5/27/2019,$259455.81
753,0039208412713920841271,1,302,$133493.74,2/28/2016,$4033.63
754,0039208412713920841271,1,34,$174606.94,11/21/2015,$187511.55
755,0039208412713920841271,3,47,$107659.27,6/21/2020,$541631.15
756,0039208412713920841271,3,111,,6/24/2022,$276700.17
757,0039208412713920841271,4,169,$18784.35,5/15/2013,$231782.03
758,0039208412713920841271,4,195,$456741.31,3/25/2016,$561666.58
759,0039208412713920841271,0,30,$52564.94,5/19/2006,$116769.33
760,0039208412713920841271,4,55,$386594.08,9/13/2023,$377494.74
761,,4,106,,10/12/2002,$132297.68
762,0039208412713920841271,4,66,$216332.63,2/20/2007,$234608.13
763,0039208412713920841271,0,266,$315702.02,1/1/2014,$159230.98
764,0039208412713920841271,3,203,$499964.89,7/19/2020,$578114.70
765,0039208412713920841271,1,90,$209267.01,5/6/2020,$262732.80
766,0039208412713920841271,2,359,$112081.93,4/10/2012,$495849.46
767,0039208412713920841271,0,31,$441773.50,4/6/2008,$566675.31
768,0039208412713920841271,3,146,$496588.40,8/7/2020,$266453.85
769,0039208412713920841271,2,15,$349699.72,9/4/2024,$11772.11
770,0039208412713920841271,1,333,$444798.32,12/13/2011,$351663.79
771,0039208412713920841271,0,143,$196202.86,9/19/2018,$175457.40
772,0039208412713920841271,3,221,$501099.80,4/10/2015,$375097.11
773,0039208412713920841271,3,382,$133453.64,5/11/2015,$195737.68
774,0039208412713920841271,2,392,$239566.23,2/8/2016,$313316.63
775,0039208412713920841271,1,277,$324227.65,4/6/2008,$403013.86
776,0039208412713920841271,4,371,$389492.85,2/25/2010,$365153.36
777,0039208412713920841271,0,289,$571103.19,6/7/2005,$435197.93
778,0039208412713920841271,3,129,$352114.93,9/12/2005,$309619.35
779,0039208412713920841271,2,118,,5/6/2019,$57951.66
780,0039208412713920841271,4,109,$541631.45,4/27/2021,$405509.91
781,0039208412713920841271,3,20,$22640.25,11/4/2006,$297226.19
782,0039208412713920841271,0,86,$133086.70,11/15/2015,$496422.74
783,0039208412713920841271,0,109,$404916.97,11/16/2021,$257319.56
784,0039208412713920841271,0,88,$251351.55,12/19/2017,$471871.08
785,0039208412713920841271,1,365,$247441.69,8/29/2009,$231730.98
786,,0,314,$465360.71,7/11/2011,$382170.98
787,0039208412713920841271,0,41,$590157.54,8/6/2009,$251437.92
788,,4,6,$587837.73,9/6/2008,$357669.03
789,0039208412713920841271,4,224,$567960.63,5/25/2010,$190394.51
790,0039208412713920841271,0,331,$132810.20,11/7/2001,$285060.98
791,0039208412713920841271,0,116,$549346.01,8/10/2019,$177223.07
792,,1,399,$135695.50,7/21/2011,$156739.68
793,0039208412713920841271,3,387,$434872.41,11/13/2013,$337692.73
794,0039208412713920841271,1,331,$81160.30,5/16/2024,$7133.68
795,0039208412713920841271,2,161,$433469.20,6/11/2010,$159747.76
796,0039208412713920841271,4,142,$456542.64,1/18/2004,$585141.68
797,0039208412713920841271,2,1,$574860.60,11/25/2016,$101211.04
798,0039208412713920841271,2,173,$278523.23,6/17/2004,$512323.82
799,0039208412713920841271,1,361,$448603.94,5/22/2017,$386863.39
800,0039208412713920841271,0,321,$365889.22,7/12/2014,$25782.44
801,0039208412713920841271,1,235,,8/20/2019,$347569.61
802,0039208412713920841271,3,248,,6/28/2017,$145550.53
803,0039208412713920841271,0,159,$403689.84,9/22/2021,$439507.23
804,0039208412713920841271,0,213,$58305.52,7/2/2019,$538014.71
805,0039208412713920841271,0,312,$52334.38,7/22/2017,$215198.35
806,0039208412713920841271,3,306,$186778.96,4/14/2022,$315874.34
807,0039208412713920841271,0,124,$142248.28,9/9/2008,$412789.41
808,0039208412713920841271,2,102,$398083.79,12/18/2023,$443367.23
809,,4,367,$574730.37,10/13/2013,$540075.84
810,0039208412713920841271,1,101,$405786.24,2/19/2012,$306580.35
811,0039208412713920841271,2,243,$353480.29,7/8/2011,$271940.98
812,0039208412713920841271,4,7,$469378.61,6/11/2013,$219270.61
813,,3,285,$593559.29,6/22/2007,$238547.73
814,0039208412713920841271,2,247,$582439.56,2/20/2002,$490693.48
815,0039208412713920841271,1,208,$136976.00,8/20/2002,$588893.39
816,0039208412713920841271,0,38,$6982.87,6/12/2009,$84034.91
817,0039208412713920841271,0,156,$211839.87,10/2/2005,$72716.39
818,0039208412713920841271,0,35,,6/9/2001,$104259.28
819,0039208412713920841271,3,108,$128877.25,3/16/2015,$281193.77
820,0039208412713920841271,1,308,$40004.00,12/5/2002,$595949.49
821,0039208412713920841271,0,95,$390873.93,3/18/2001,$301812.56
822,0039208412713920841271,1,123,$150835.66,4/13/2013,$215018.39
823,0039208412713920841271,4,186,$276412.51,5/15/2014,$568276.09
824,0039208412713920841271,4,361,$300271.61,6/16/2015,$317509.46
825,0039208412713920841271,3,170,$308370.79,7/24/2002,$60980.95
826,0039208412713920841271,0,137,$103668.39,10/11/2006,$184453.72
827,0039208412713920841271,2,263,$449759.24,12/5/2013,$79772.32
828,0039208412713920841271,3,137,$296657.36,4/15/2006,$454883.25
829,0039208412713920841271,4,368,$175670.02,2/27/2013,$443809.43
830,,3,180,$112714.65,3/21/2018,$394452.08
831,,4,307,$412626.88,1/1/2001,$442273.24
832,0039208412713920841271,4,38,$520842.60,6/24/2009,$117817.34
833,0039208412713920841271,0,85,$262048.73,11/8/2015,$57373.11
834,0039208412713920841271,4,81,$582376.88,2/5/2018,$221424.43
835,0039208412713920841271,2,210,$191925.39,12/7/2003,$416176.30
836,0039208412713920841271,2,26,$364950.68,12/18/2007,$587090.51
837,0039208412713920841271,1,57,$464115.47,8/23/2017,$366248.84
838,0039208412713920841271,0,203,$541196.63,9/17/2004,$157090.77
839,0039208412713920841271,4,27,$248750.29,9/24/2024,$318798.05
840,0039208412713920841271,2,201,$107313.19,1/25/2024,$82998.75
841,0039208412713920841271,4,225,$265173.78,2/23/2011,$397001.94
842,0039208412713920841271,3,47,$326820.02,7/13/2024,$25490.30
843,0039208412713920841271,2,399,$349676.28,3/17/2016,$40717.40
844,0039208412713920841271,4,13,$297859.31,10/29/2022,$197943.15
845,,2,101,$520141.08,9/2/2006,$84682.81
846,0039208412713920841271,0,308,$99611.20,11/9/2008,$57994.52
847,0039208412713920841271,4,164,,10/31/2007,$45649.13
848,0039208412713920841271,3,182,$501508.25,7/14/2020,$188885.26
849,0039208412713920841271,3,187,$441612.50,12/11/2000,$269932.88
850,0039208412713920841271,2,381,$592071.67,7/26/2016,$401267.77
851,0039208412713920841271,0,7,$39385.46,3/6/2020,$158364.51
852,0039208412713920841271,1,173,$263154.06,9/3/2010,$158988.27
853,0039208412713920841271,2,177,$43328.69,9/28/2022,$257998.58
854,,1,57,,1/20/2007,$317416.15
855,0039208412713920841271,2,28,$302350.17,8/29/2013,$201809.70
856,0039208412713920841271,0,106,$425393.97,1/29/2011,$43245.92
857,0039208412713920841271,2,78,,5/27/2004,$308132.91
858,0039208412713920841271,3,334,$355392.80,2/24/2021,$436340.72
859,0039208412713920841271,4,119,$340136.89,5/4/2019,$248024.66
860,0039208412713920841271,2,221,$384641.41,3/16/2017,$170127.02
861,0039208412713920841271,4,177,$548090.81,8/5/2008,$171208.34
862,0039208412713920841271,2,400,$587456.67,1/3/2003,$533106.52
863,0039208412713920841271,2,174,$139009.48,9/26/2007,$262071.18
864,0039208412713920841271,2,351,$435087.52,11/11/2011,$368835.44
865,0039208412713920841271,4,220,$127188.55,8/25/2016,$381487.68
866,0039208412713920841271,3,144,$304328.15,4/5/2012,$239896.13
867,0039208412713920841271,3,155,$42068.96,9/24/2004,$301264.16
868,0039208412713920841271,2,211,$142393.17,4/23/2015,$189473.99
869,0039208412713920841271,0,215,$183919.81,12/8/2006,$259340.95
870,0039208412713920841271,3,75,$530070.24,8/1/2015,$523153.07
871,0039208412713920841271,1,372,$515307.36,12/30/2005,$487201.21
872,0039208412713920841271,2,229,,3/5/2014,$187880.63
873,0039208412713920841271,3,77,$67198.09,12/15/2003,$522299.14
874,0039208412713920841271,1,26,$453320.79,5/22/2002,$268080.83
875,0039208412713920841271,2,153,$260981.66,12/1/2022,$335379.36
876,0039208412713920841271,3,138,$446124.20,3/20/2022,$308641.27
877,0039208412713920841271,3,305,$253506.02,3/27/2016,$179597.30
878,0039208412713920841271,4,76,$117504.15,10/10/2002,$76467.81
879,0039208412713920841271,4,340,,2/13/2008,$256393.98
880,0039208412713920841271,1,242,$90507.74,6/9/2007,$8804.18
881,0039208412713920841271,0,81,$185122.23,4/10/2012,$513489.87
882,0039208412713920841271,0,353,$21628.60,11/14/2007,$5957.93
883,0039208412713920841271,3,358,$403288.49,12/6/2010,$569840.91
884,0039208412713920841271,4,155,$545948.27,8/17/2016,$61527.84
885,0039208412713920841271,1,54,$7332.40,3/8/2004,$17240.07
886,0039208412713920841271,1,120,,2/24/2007,$430729.41
887,0039208412713920841271,1,119,$66815.89,5/13/2010,$324880.35
888,0039208412713920841271,0,264,$198674.30,3/5/2017,$354516.22
889,0039208412713920841271,0,156,,3/9/2006,$402173.59
890,0039208412713920841271,3,47,$521474.53,5/9/2020,$257021.33
891,0039208412713920841271,1,32,$538312.47,6/1/2014,$234712.60
892,0039208412713920841271,4,313,$135679.12,6/14/2018,$156185.99
893,0039208412713920841271,3,293,$52526.78,3/29/2006,$521746.92
894,,1,80,$153114.97,1/27/2021,$341448.26
895,0039208412713920841271,4,200,$504708.58,7/6/2022,$528447.84
896,0039208412713920841271,1,128,$216854.76,5/26/2002,$376404.08
897,0039208412713920841271,4,185,$308346.23,5/27/2022,$139897.92
898,0039208412713920841271,1,348,$263772.04,3/14/2010,$592411.99
899,0039208412713920841271,2,238,$472842.30,10/19/2016,$529287.72
900,0039208412713920841271,3,46,$433197.97,12/13/2011,$122243.98
901,0039208412713920841271,2,159,$475180.62,4/2/2011,$439728.42
902,0039208412713920841271,3,36,$376360.48,4/20/2022,$168323.90
903,0039208412713920841271,1,288,$106928.17,9/13/2019,$597530.66
904,0039208412713920841271,1,255,$108423.11,7/13/2024,$144776.39
905,0039208412713920841271,4,153,$289426.60,3/9/2024,$382140.25
906,0039208412713920841271,2,244,$518477.12,2/23/2010,$506932.82
907,,2,328,$44445.20,5/21/2011,$247006.81
908,0039208412713920841271,4,384,$278812.32,4/27/2015,$441067.22
909,0039208412713920841271,0,83,$96760.41,2/15/2015,$392767.39
910,0039208412713920841271,3,142,$419824.13,4/11/2014,$102789.63
911,0039208412713920841271,2,63,$478043.95,6/18/2015,$10304.24
912,0039208412713920841271,4,292,$283068.35,9/29/2017,$375695.90
913,0039208412713920841271,3,329,$564303.21,6/7/2023,$533870.18
914,0039208412713920841271,3,273,$252585.66,4/24/2013,$460125.21
915,0039208412713920841271,1,252,$560673.93,9/3/2009,$386882.42
916,,1,227,$274351.78,8/13/2013,$468983.72
917,0039208412713920841271,0,170,$125355.79,7/23/2001,$188844.25
918,,0,338,$462476.69,9/29/2015,$51615.91
919,0039208412713920841271,0,183,$413505.78,10/20/2019,$207841.05
920,0039208412713920841271,4,134,$30422.34,12/17/2020,$120388.41
921,0039208412713920841271,2,382,$291947.05,1/8/2017,$291051.88
922,0039208412713920841271,4,188,$114551.00,4/7/2003,$46405.64
923,0039208412713920841271,4,242,$211569.81,8/9/2022,$221185.41
924,0039208412713920841271,4,320,$406862.20,4/25/2005,$106672.93
925,0039208412713920841271,0,130,$548209.35,11/25/2010,$322449.55
926,0039208412713920841271,2,296,,2/8/2015,$419298.30
927,0039208412713920841271,2,392,$493697.42,10/29/2001,$123693.78
928,0039208412713920841271,0,324,$304660.36,6/28/2010,$496013.75
929,0039208412713920841271,3,29,,12/16/2005,$191188.14
930,0039208412713920841271,3,180,$87473.20,7/22/2018,$158621.11
931,0039208412713920841271,1,79,$532756.28,6/27/2021,$545719.23
932,0039208412713920841271,2,37,$254347.79,8/11/2010,$250130.14
933,,2,58,,4/3/2022,$465447.62
934,0039208412713920841271,1,268,$525385.32,3/15/2017,$585522.94
935,0039208412713920841271,3,155,$9439.90,4/14/2019,$224962.23
936,0039208412713920841271,2,16,$305338.21,10/4/2020,$50508.79
937,0039208412713920841271,1,228,$86681.66,7/14/2015,$500933.05
938,0039208412713920841271,3,201,$413057.69,1/12/2012,$482996.66
939,0039208412713920841271,2,54,,3/26/2008,$152666.06
940,0039208412713920841271,2,390,$189544.67,12/14/2018,$542857.21
941,0039208412713920841271,4,297,$236178.56,2/9/2005,$394736.49
942,0039208412713920841271,2,377,$570634.32,1/19/2012,$326815.36
943,0039208412713920841271,1,348,,5/6/2002,$83940.47
944,0039208412713920841271,2,138,$183025.30,11/17/2023,$462083.44
945,0039208412713920841271,2,206,$261060.08,2/28/2011,$380722.80
946,0039208412713920841271,4,305,$126461.00,5/27/2023,$388548.49
947,0039208412713920841271,2,91,$119912.74,3/20/2013,$598815.95
948,0039208412713920841271,2,174,,5/7/2016,$574565.57
949,0039208412713920841271,4,377,$463767.54,7/23/2012,$236086.14
950,0039208412713920841271,1,395,$300089.26,6/19/2024,$489040.37
951,0039208412713920841271,0,320,$204367.51,5/28/2012,$399127.88
952,0039208412713920841271,4,86,$577899.24,3/23/2005,$438289.22
953,0039208412713920841271,3,399,$265951.01,3/21/2008,$411532.25
954,0039208412713920841271,0,199,$118079.41,4/17/2001,$137439.29
955,0039208412713920841271,1,135,$10617.13,4/25/2005,$163648.53
956,0039208412713920841271,2,187,$53632.29,1/3/2014,$74364.51
957,0039208412713920841271,1,285,$63325.33,6/14/2021,$471025.79
958,0039208412713920841271,0,147,$513524.95,7/1/2011,$388559.52
959,0039208412713920841271,0,184,$351289.67,1/20/2005,$479259.97
960,0039208412713920841271,4,42,$386551.37,10/7/2004,$379369.73
961,0039208412713920841271,3,383,$392369.47,8/25/2001,$541172.35
962,0039208412713920841271,3,177,$112938.46,11/9/2013,$443469.53
963,0039208412713920841271,1,386,$378796.80,4/29/2008,$83789.51
964,0039208412713920841271,0,201,$266744.31,5/10/2021,$434130.88
965,0039208412713920841271,2,26,$452928.51,9/17/2001,$454019.64
966,0039208412713920841271,4,159,$526358.16,6/8/2012,$357479.75
967,0039208412713920841271,4,136,$279903.55,10/22/2005,$226490.81
968,0039208412713920841271,4,272,$398883.91,7/28/2014,$460.57
969,0039208412713920841271,1,234,$220439.66,12/7/2006,$418540.07
970,0039208412713920841271,0,322,$563773.32,9/6/2005,$48436.37
971,0039208412713920841271,1,321,,5/9/2014,$112196.90
972,0039208412713920841271,2,270,$283306.84,1/17/2019,$577135.27
973,0039208412713920841271,2,80,$210449.58,1/13/2019,$538262.82
974,,3,301,$472282.47,1/18/2002,$367879.21
975,0039208412713920841271,2,209,$496146.97,6/30/2020,$30516.69
976,0039208412713920841271,2,255,$208554.30,7/30/2008,$391619.43
977,0039208412713920841271,4,350,$490000.43,2/12/2008,$291276.95
978,0039208412713920841271,3,154,$564075.25,8/7/2021,$187121.00
979,0039208412713920841271,3,252,$347016.07,6/8/2012,$559855.26
980,0039208412713920841271,0,204,$577014.72,2/6/2002,$92567.65
981,0039208412713920841271,1,310,$538290.86,10/9/2009,$179570.65
982,0039208412713920841271,3,282,$324381.39,8/19/2023,$345779.98
983,,2,69,$173533.86,3/1/2022,$266313.93
984,0039208412713920841271,4,177,$375330.70,11/30/2020,$455277.83
985,0039208412713920841271,0,198,$485502.79,3/29/2002,$431816.78
986,0039208412713920841271,0,320,$329558.31,1/3/2004,$47470.17
987,0039208412713920841271,3,54,$7393.50,5/11/2024,$470308.66
988,0039208412713920841271,2,117,$502087.79,8/29/2016,$409606.24
989,0039208412713920841271,0,88,$82792.70,11/8/2005,$522392.02
990,0039208412713920841271,0,9,$335769.44,7/29/2012,$420415.98
991,0039208412713920841271,1,10,$334573.65,6/10/2002,$81111.61
992,0039208412713920841271,1,382,$123640.68,4/25/2005,$181444.25
993,0039208412713920841271,3,332,$566032.37,4/18/2004,$189946.58
994,0039208412713920841271,2,27,$413676.75,9/3/2004,$294184.98
995,0039208412713920841271,4,43,$435335.24,1/15/2017,$164694.62
996,0039208412713920841271,1,221,$455910.77,10/11/2024,$365793.94
997,0039208412713920841271,3,150,$240416.71,10/5/2017,$107594.16
998,0039208412713920841271,3,179,$519553.62,4/21/2019,$383387.09
999,0039208412713920841271,1,391,$45491.22,9/15/2006,$51178.26
1000,0039208412713920841271,3,10,$562597.22,5/4/2020,$220120.26
